Movie_Name,Release_Year,Metascore,User_Score,Average,User_Ratings,Duration_Minutes,Genre
Quo Vadis; Aida?,2021,0.97,0.83,0.9,161,101,Drama|History|War
Roma,2018,0.96,0.76,0.86,940,135,Drama
Summer of Soul (...Or; When the Revolution Could Not Be Televised),2021,0.96,0.76,0.86,82,117,Documentary|History|Music
Small Axe: Lovers Rock,2020,0.95,0.61,0.78,70,68,Drama|History
Portrait of a Lady on Fire,2019,0.95,0.85,0.9,410,122,Drama|Romance
One Battle After Another,2025,0.95,0.74,0.84,445,170,Action|Crime|Drama|Thriller
Do Not Expect Too Much From the End of the World,2024,0.95,0.67,0.81,85,163,Comedy|Drama
Aftersun,2022,0.95,0.81,0.88,287,98,Drama
Rocks,2021,0.95,0.68,0.82,52,93,Drama
Collective,2020,0.95,0.74,0.84,72,109,Documentary|Crime
Amazing Grace,2018,0.94,0.81,0.88,41,87,Documentary|Music
Inside the Yellow Cocoon Shell,2024,0.94,0.73,0.84,57,178,Drama
Past Lives,2023,0.94,0.78,0.86,359,106,Drama|Romance
Marriage Story,2019,0.94,0.81,0.88,769,137,Drama|Romance
Petite Maman,2021,0.93,0.79,0.86,73,72,Drama|Fantasy
All We Imagine as Light,2024,0.93,0.67,0.8,54,110,Drama|Romance
David Byrne’s American Utopia,2020,0.93,0.75,0.84,41,105,Documentary|Music|Musical
Shoplifters,2018,0.93,0.83,0.88,253,121,Crime|Drama|Thriller
No Other Land,2024,0.93,0.79,0.86,59,92,Documentary
Uncut Gems,2019,0.93,0.72,0.82,787,135,Crime|Drama|Thriller
Our Body,2023,0.93,0.46,0.7,21,168,Documentary
TÁR,2022,0.93,0.75,0.84,279,158,Drama|Music
No Bears,2022,0.93,0.79,0.86,25,106,Drama|Romance
Memoria,2021,0.92,0.65,0.78,50,136,Drama|Mystery|Sci-Fi
Here,2024,0.92,0.69,0.8,55,82,Drama
Apocalypse Now: Final Cut,2019,0.92,0.88,0.9,59,182,Drama|Mystery|War
Never Rarely Sometimes Always,2020,0.92,0.7,0.81,260,101,Drama
The Souvenir,2019,0.92,0.64,0.78,111,120,Drama|Romance
The Zone of Interest,2023,0.92,0.76,0.84,288,105,Drama|History|War
Burning,2018,0.91,0.77,0.84,235,148,Drama|Mystery|Thriller
Drive My Car,2021,0.91,0.76,0.84,177,179,Drama
Saint Omer,2023,0.91,0.55,0.73,44,122,Drama
Time,2020,0.91,0.54,0.73,78,81,Documentary|Biography
Little Women,2019,0.91,0.75,0.83,570,135,Drama|Romance
Soundtrack to a Coup dEtat,2024,0.91,0.59,0.75,29,150,Documentary|Music
Flee,2021,0.91,0.81,0.86,75,89,Documentary|Animation|Biography|Drama
Tótem,2024,0.91,0.75,0.83,51,95,Drama
Nickel Boys,2024,0.91,0.69,0.8,114,140,Drama
The Boy and the Heron,2023,0.91,0.78,0.84,408,124,Animation|Adventure|Drama|Fantasy
All the Beauty and the Bloodshed,2022,0.91,0.79,0.85,32,113,Documentary|History
Hit the Road,2022,0.91,0.73,0.82,29,93,Comedy|Drama|Music
They Shall Not Grow Old,2018,0.91,0.86,0.88,105,99,Documentary|History|War
Anora,2024,0.91,0.65,0.78,768,139,Comedy|Drama|Romance
The Favourite,2018,0.91,0.78,0.84,590,119,Biography|Comedy|Drama|History
La Chimera,2024,0.91,0.73,0.82,84,130,Adventure|Comedy|Drama|Romance
The Worst Person in the World,2022,0.91,0.78,0.84,171,121,Comedy|Drama|Romance
Licorice Pizza,2021,0.9,0.69,0.8,365,133,Comedy|Drama|Romance
The Brutalist,2024,0.9,0.67,0.78,367,216,Drama
First Cow,2020,0.9,0.7,0.8,143,122,Drama|Western
All of Us Strangers,2023,0.9,0.81,0.86,182,105,Drama|Romance
Procession,2021,0.9,0.66,0.78,22,116,Documentary
The Souvenir: Part II,2021,0.9,0.63,0.76,29,107,Drama|Romance
Sugarcane,2024,0.9,0.65,0.78,34,111,Documentary
Small Axe: Mangrove,2020,0.9,0.75,0.82,57,124,Drama|History
Green Border,2024,0.9,0.65,0.78,26,147,Drama
Cold War,2018,0.9,0.8,0.85,201,89,Drama|Music|Romance
The Tale,2018,0.9,0.72,0.81,91,114,Biography|Drama|Mystery|Thriller
Minding the Gap,2018,0.89,0.79,0.84,57,93,Documentary|Sport
Killers of the Flower Moon,2023,0.89,0.76,0.82,595,206,Crime|Drama|History|Western
For Sama,2019,0.89,0.76,0.82,35,100,Documentary|Biography|War
Sorry; Baby,2025,0.89,0.75,0.82,68,103,Comedy|Drama
Minari,2020,0.89,0.8,0.84,236,115,Drama
The Farewell,2019,0.89,0.82,0.86,267,100,Comedy|Drama
Great Freedom,2022,0.89,0.65,0.77,32,116,Drama
Gunda,2020,0.89,0.72,0.8,23,93,Documentary
The Power of the Dog,2021,0.89,0.66,0.78,456,125,Drama|Western
Zama,2018,0.89,0.72,0.8,47,115,Drama|History
Dick Johnson Is Dead,2020,0.89,0.73,0.81,58,89,Documentary|Biography|Drama
The Quiet Girl,2022,0.89,0.81,0.85,86,94,Drama
Long Days Journey Into Night,2019,0.88,0.72,0.8,43,138,Drama|Mystery|Romance
Paddington 2,2018,0.88,0.83,0.86,390,103,Adventure|Comedy|Family
The Death of Stalin,2018,0.88,0.74,0.81,327,107,Comedy|Drama|History
About Dry Grasses,2024,0.88,0.7,0.79,34,197,Drama
Hard Truths,2024,0.88,0.61,0.74,66,97,Comedy|Drama
Hamilton,2020,0.88,0.77,0.82,332,160,Biography|Drama|History|Musical
The Father,2021,0.88,0.85,0.86,322,97,Drama|Mystery
Sweet Country,2018,0.88,0.69,0.78,44,113,Adventure|Crime|Drama|Thriller|Western
Leave No Trace,2018,0.88,0.76,0.82,201,109,Adventure|Drama
Parallel Mothers,2021,0.88,0.74,0.81,91,120,Drama
Shirkers,2018,0.88,0.72,0.8,33,97,Documentary
Poor Things,2023,0.88,0.69,0.78,617,141,Comedy|Drama|Romance|Sci-Fi
The Human Voice,2021,0.88,0.69,0.78,33,30,Unknown|Drama
Apollo 11,2019,0.88,0.82,0.85,113,93,Documentary|History
If Beale Street Could Talk,2018,0.87,0.71,0.79,178,119,Drama|Romance
Can You Ever Forgive Me?,2018,0.87,0.75,0.81,165,106,Biography|Comedy|Crime|Drama
Wolfwalkers,2020,0.87,0.86,0.86,200,103,Animation|Action|Adventure|Drama|Family|Fantasy|Thriller
Pain and Glory,2019,0.87,0.79,0.83,146,113,Drama
Return to Seoul,2022,0.87,0.74,0.8,32,115,Drama
The Velvet Underground,2021,0.87,0.75,0.81,31,121,Documentary|Music
All That Breathes,2022,0.87,0.78,0.82,22,97,Documentary
Ma Raineys Black Bottom,2020,0.87,0.69,0.78,208,94,Drama|Music
Robot Dreams,2023,0.87,0.79,0.83,75,102,Animation|Comedy|Drama|Family
Descendant,2022,0.87,0.7,0.78,20,109,Documentary|History
Rolling Thunder Revue: A Bob Dylan Story by Martin Scorsese,2019,0.87,0.82,0.84,30,142,Documentary|Biography|History|Music
Small Axe: Education,2020,0.87,0.7,0.78,22,63,Drama|History
Nomadland,2020,0.87,0.73,0.8,378,107,Drama
The Banshees of Inisherin,2022,0.87,0.75,0.81,384,109,Comedy|Drama
On Becoming a Guinea Fowl,2025,0.87,0.66,0.76,25,95,Comedy|Drama
Happy as Lazzaro,2018,0.87,0.77,0.82,75,125,Drama|Fantasy|Mystery
All Dirt Roads Taste of Salt,2023,0.87,0.64,0.76,23,92,Drama
Blue Jean,2023,0.87,0.68,0.78,29,97,Drama|History
The Tragedy of Macbeth,2021,0.87,0.7,0.78,139,105,Drama|Mystery|Thriller
Flow,2024,0.87,0.83,0.85,299,84,Animation|Adventure|Family|Fantasy
Good One,2024,0.87,0.62,0.74,38,90,Drama
Diane,2019,0.86,0.71,0.78,24,95,Drama
Playground,2022,0.86,0.72,0.79,20,72,Drama
Renaissance: A Film by Beyoncé,2023,0.86,0.88,0.87,264,169,Documentary|Music
The Wolf House,2020,0.86,0.72,0.79,38,75,Animation|Drama|Horror
An Elephant Sitting Still,2019,0.86,0.8,0.83,21,230,Crime|Drama
Anatomy of a Fall,2023,0.86,0.79,0.82,278,150,Crime|Drama|Mystery|Thriller
Fallen Leaves,2023,0.86,0.74,0.8,63,81,Comedy|Drama|Romance
Welcome to Chechnya,2020,0.86,0.77,0.82,43,107,Documentary
Showing Up,2023,0.86,0.67,0.76,40,108,Comedy|Drama
One Cut of the Dead,2019,0.86,0.77,0.82,77,96,Comedy|Drama|Horror
I Saw the TV Glow,2024,0.86,0.61,0.74,220,100,Drama|Mystery
May December,2023,0.86,0.69,0.77,174,113,Drama
Happening,2022,0.86,0.75,0.8,31,100,Drama
The Lost Daughter,2021,0.86,0.63,0.74,170,121,Drama
The Wild Pear Tree,2019,0.86,0.78,0.82,42,188,Drama
Wheel of Fortune and Fantasy,2021,0.86,0.78,0.82,33,121,Drama|Romance
American Factory,2019,0.86,0.77,0.82,63,115,Documentary
First Reformed,2018,0.86,0.74,0.8,254,113,Drama|Mystery|Thriller
Crip Camp: A Disability Revolution,2020,0.86,0.74,0.8,36,106,Documentary|History
A Real Pain,2024,0.85,0.72,0.78,256,90,Comedy|Drama
Atlantics,2019,0.85,0.69,0.77,55,104,Drama|Fantasy|Mystery|Romance
The Green Knight,2021,0.85,0.63,0.74,483,130,Adventure|Drama|Fantasy
Athlete A,2020,0.85,0.69,0.77,44,103,Documentary|Crime|Sport
West Side Story,2021,0.85,0.7,0.77,250,156,Crime|Drama|Musical|Romance
Birds of Passage,2019,0.85,0.78,0.82,52,125,Crime|Drama
Ash Is Purest White,2019,0.85,0.71,0.78,44,136,Crime|Drama|Romance
The Rider,2018,0.85,0.75,0.8,138,104,Drama|Western
Eighth Grade,2018,0.85,0.79,0.82,326,93,Comedy|Drama
The Novice,2021,0.85,0.65,0.75,32,94,Drama|Sport
A Nice Indian Boy,2025,0.85,0.69,0.77,24,96,Comedy|Drama|Romance
The Wild Robot,2024,0.85,0.85,0.85,640,102,Animation|Adventure|Family|Sci-Fi
Support the Girls,2018,0.85,0.68,0.76,49,90,Comedy|Drama
Alcarràs,2023,0.85,0.77,0.81,21,120,Drama
The Taste of Things,2023,0.85,0.73,0.79,38,145,Drama|History|Romance
Passing,2021,0.85,0.68,0.76,88,98,Drama|Mystery|Thriller
Honeyland,2019,0.85,0.87,0.86,59,90,Documentary
The Beasts,2023,0.85,0.74,0.8,38,137,Drama|Thriller
Black Bag,2025,0.85,0.68,0.76,233,93,Drama|Mystery|Romance|Thriller
One Child Nation,2019,0.85,0.82,0.84,29,88,Documentary|History
Identifying Features,2021,0.85,0.69,0.77,20,95,Drama
The Wonderful Story of Henry Sugar,2023,0.85,0.75,0.8,129,37,Unknown|Adventure|Comedy|Drama
Decision to Leave,2022,0.85,0.77,0.81,135,138,Crime|Drama|Mystery|Romance|Thriller
The Fabelmans,2022,0.85,0.74,0.8,257,151,Drama
Beanpole,2020,0.85,0.65,0.75,61,137,Drama|War
Wont You Be My Neighbor?,2018,0.85,0.85,0.85,133,94,Documentary|Biography|History
Im Still Here,2025,0.85,0.9,0.88,540,136,Biography|Drama|History
The Eternal Memory,2023,0.85,0.8,0.82,22,85,Documentary
Evangelion: 3.0+1.0 Thrice Upon a Time,2021,0.85,0.66,0.76,179,154,Animation|Action|Drama|Sci-Fi
EO,2022,0.85,0.69,0.77,45,86,Drama
Shin Ultraman,2023,0.84,0.72,0.78,25,118,Action|Adventure|Drama|Fantasy|Sci-Fi
Are You There God? Its Me; Margaret,2023,0.84,0.74,0.79,96,106,Comedy|Drama|Family
Judas and the Black Messiah,2021,0.84,0.74,0.79,270,126,Biography|Crime|Drama|History
Sinners,2025,0.84,0.75,0.8,872,131,Action|Drama|Horror|Music|Thriller
McQueen,2018,0.84,0.76,0.8,30,111,Documentary|Biography
Booksmart,2019,0.84,0.68,0.76,452,102,Comedy
Small Axe: Red; White and Blue,2020,0.84,0.69,0.76,22,80,Drama|History
Reality,2023,0.84,0.73,0.78,75,85,Drama
The Seed of the Sacred Fig,2024,0.84,0.77,0.8,51,168,Crime|Drama|Thriller
To Leslie,2022,0.84,0.75,0.8,48,119,Drama
Toy Story 4,2019,0.84,0.76,0.8,975,100,Animation|Adventure|Comedy|Family|Fantasy
In the Heights,2021,0.84,0.71,0.77,187,143,Drama|Musical|Romance
Fire of Love,2022,0.84,0.76,0.8,39,97,Documentary|Biography
The Vast of Night,2020,0.84,0.65,0.74,169,91,Drama|Mystery|Sci-Fi|Thriller
You Were Never Really Here,2018,0.84,0.73,0.78,350,89,Crime|Drama|Thriller
Widows,2018,0.84,0.68,0.76,291,129,Crime|Drama|Thriller
Synonyms,2019,0.84,0.56,0.7,26,123,Comedy|Drama
Boys State,2020,0.84,0.77,0.8,42,105,Documentary
First Man,2018,0.84,0.74,0.79,659,141,Biography|Drama|History
The Fallout,2022,0.84,0.69,0.76,79,92,Drama
The Rescue,2021,0.84,0.84,0.84,21,107,Documentary|Action|Mystery|Thriller
Universal Language,2025,0.84,0.6,0.72,22,89,Comedy|Drama
His Three Daughters,2024,0.83,0.75,0.79,74,101,Drama
Custody,2018,0.83,0.74,0.78,30,93,Drama|Thriller
Between the Temples,2024,0.83,0.69,0.76,48,111,Comedy
Limbo,2021,0.83,0.67,0.75,34,104,Comedy|Drama
Soul,2020,0.83,0.82,0.82,846,100,Animation|Adventure|Comedy|Drama|Family|Fantasy|Music
Sing Sing,2024,0.83,0.76,0.8,107,105,Drama
20 Days in Mariupol,2023,0.83,0.86,0.84,71,95,Documentary|War
Turning Red,2022,0.83,0.62,0.72,588,100,Animation|Adventure|Comedy|Drama|Family|Fantasy|Music|Romance
The Guilty,2018,0.83,0.79,0.81,108,85,Crime|Drama|Thriller
Prayers for the Stolen,2021,0.83,0.74,0.78,23,110,Drama
The Lighthouse,2019,0.83,0.79,0.81,710,109,Drama|Fantasy|Horror|Mystery|Thriller
Saint Frances,2020,0.83,0.67,0.75,34,106,Comedy|Drama
Mandy,2018,0.83,0.7,0.76,309,121,Action|Fantasy|Horror
Crossing,2024,0.83,0.76,0.8,28,105,Drama
Evil Does Not Exist,2024,0.83,0.65,0.74,64,106,Drama
One Night in Miami,2020,0.83,0.68,0.76,125,114,Drama
Belle,2022,0.83,0.8,0.82,128,121,Animation|Adventure|Drama|Family|Fantasy|Music|Musical|Sci-Fi
Private Life,2018,0.83,0.76,0.8,58,123,Comedy|Drama
Moonage Daydream,2022,0.83,0.78,0.8,44,135,Documentary|Biography|History|Music
BlacKkKlansman,2018,0.83,0.73,0.78,647,135,Biography|Comedy|Crime|Drama
Wallace & Gromit: Vengeance Most Fowl,2025,0.83,0.75,0.79,136,70,Animation|Adventure|Comedy|Family|Sci-Fi
Janet Planet,2024,0.83,0.66,0.74,52,113,Drama
Free Solo,2018,0.83,0.8,0.82,127,100,Documentary|Adventure|Sport
Saint Maud,2021,0.83,0.7,0.76,136,84,Drama|Horror|Mystery|Thriller
Palm Springs,2020,0.83,0.76,0.8,361,90,Comedy|Fantasy|Mystery|Romance|Sci-Fi
Driveways,2020,0.83,0.78,0.8,34,83,Drama
RRR,2022,0.83,0.82,0.82,315,187,Action|Adventure|Drama
Transit,2019,0.82,0.68,0.75,49,101,Drama|Sci-Fi
Hundreds of Beavers,2024,0.82,0.77,0.8,65,108,Action|Adventure|Comedy
Taylor Swift: The Eras Tour,2023,0.82,0.7,0.76,439,160,Documentary|Music|Musical
The Killing of Two Lovers,2021,0.82,0.76,0.79,21,85,Drama
Hit Man,2024,0.82,0.66,0.74,291,115,Comedy|Crime|Romance
Ghostlight,2024,0.82,0.77,0.8,56,110,Comedy|Drama
Vortex,2022,0.82,0.75,0.78,28,140,Drama
Maiden,2019,0.82,0.82,0.82,23,97,Documentary|Biography|Sport
You Wont Be Alone,2022,0.82,0.66,0.74,37,108,Drama|Fantasy|Horror
Two of Us,2021,0.82,0.61,0.72,24,99,Drama|Romance
Grand Theft Hamlet,2025,0.82,0.56,0.69,25,89,Documentary|Animation
Joyland,2023,0.82,0.69,0.75,23,126,Comedy|Crime|Drama
Rye Lane,2023,0.82,0.69,0.75,46,82,Comedy|Drama|Romance
The Girl with the Needle,2024,0.82,0.74,0.78,38,115,Crime|Drama|History
The Teachers Lounge,2023,0.82,0.75,0.78,52,98,Drama
Cmon Cmon,2021,0.82,0.72,0.77,92,108,Drama
Small Things Like These,2024,0.82,0.7,0.76,79,96,Drama|History
Apocalypse in the Tropics,2025,0.82,0.71,0.76,29,110,Documentary|History
Sator,2021,0.82,0.57,0.7,20,85,Horror
Challengers,2024,0.82,0.66,0.74,399,131,Comedy|Drama|Romance|Sport
Pig,2021,0.82,0.72,0.77,230,92,Drama|Mystery
Sorry We Missed You,2020,0.82,0.79,0.8,51,101,Drama
The Holdovers,2023,0.82,0.81,0.82,306,133,Comedy|Drama
Sound of Metal,2020,0.82,0.79,0.8,261,120,Drama|Music
Da 5 Bloods,2020,0.82,0.58,0.7,333,154,Adventure|Drama|War
The Last Black Man in San Francisco,2019,0.82,0.69,0.75,83,121,Drama
Isle of Dogs,2018,0.82,0.8,0.81,587,101,Animation|Adventure|Comedy|Drama|Fantasy|Sci-Fi
Navalny,2022,0.82,0.74,0.78,63,98,Documentary|Biography
Madelines Madeline,2018,0.82,0.66,0.74,22,93,Drama
Soft & Quiet,2022,0.82,0.63,0.72,40,91,Horror|Thriller
The Climb,2020,0.82,0.63,0.72,25,98,Comedy|Drama
A Hero,2022,0.82,0.79,0.8,89,127,Drama
The Northman,2022,0.82,0.73,0.77,667,136,Action|Adventure|Drama|Fantasy|History|Thriller
Bacurau,2020,0.82,0.77,0.8,147,131,Action|Adventure|Drama|Horror|Mystery|Thriller|Western
Mass,2021,0.81,0.78,0.8,59,110,Drama
Western,2018,0.81,0.74,0.78,20,121,Drama
Weapons,2025,0.81,0.73,0.77,451,128,Horror|Mystery
Close,2023,0.81,0.79,0.8,59,105,Drama
The Dissident,2020,0.81,0.79,0.8,26,119,Documentary|Crime|Thriller
Godzilla Minus One,2023,0.81,0.86,0.84,580,124,Action|Adventure|Drama|Horror|Sci-Fi
Godland,2023,0.81,0.67,0.74,33,143,Drama
Invisible Life,2019,0.81,0.83,0.82,43,139,Drama
MLK/FBI,2021,0.81,0.61,0.71,27,104,Documentary|Biography|History
Three Identical Strangers,2018,0.81,0.76,0.78,80,96,Documentary|Biography|Drama|History|Mystery
Revenge,2018,0.81,0.66,0.74,181,108,Action|Drama|Horror|Thriller
Tina,2021,0.81,0.83,0.82,22,118,Documentary|Biography|Music
American Fiction,2023,0.81,0.73,0.77,215,117,Comedy|Drama
Riders of Justice,2021,0.81,0.78,0.8,113,116,Action|Comedy|Drama|Thriller
In Fabric,2019,0.81,0.56,0.68,50,118,Comedy|Drama|Fantasy|Horror|Mystery|Thriller
Shadow,2019,0.81,0.73,0.77,61,116,Action|Adventure|Fantasy|History|War
The Edge of Democracy,2019,0.81,0.54,0.68,180,121,Documentary|History
Memoir of a Snail,2024,0.81,0.8,0.8,65,94,Animation|Drama
The Janes,2022,0.81,0.48,0.64,27,101,Documentary
The Hate U Give,2018,0.81,0.69,0.75,151,133,Crime|Drama
I Lost My Body,2019,0.81,0.78,0.8,104,81,Animation|Drama|Fantasy|Romance
Glass Onion: A Knives Out Mystery,2022,0.81,0.61,0.71,663,139,Comedy|Crime|Drama|Mystery|Thriller
A White; White Day,2020,0.81,0.67,0.74,21,109,Drama|Mystery|Thriller
Summer 1993,2018,0.81,0.72,0.76,25,97,Drama|Family
Mirai,2018,0.81,0.75,0.78,64,98,Animation|Adventure|Drama|Family|Fantasy
Mission: Impossible: Dead Reckoning,2023,0.81,0.78,0.8,692,163,Action|Adventure|Thriller
Benediction,2022,0.81,0.71,0.76,23,137,Biography|Drama|History|War
She Dies Tomorrow,2020,0.81,0.51,0.66,62,84,Drama|Fantasy|Horror|Mystery|Thriller
Living,2022,0.81,0.74,0.78,46,102,Drama
Lost Illusions,2022,0.81,0.69,0.75,24,149,Drama|Romance
Nitram,2022,0.81,0.77,0.79,26,112,Crime|Drama|Thriller
Woman at War,2019,0.81,0.68,0.75,25,101,Adventure|Comedy|Drama|Thriller
The Nest,2020,0.81,0.63,0.72,53,107,Drama|Romance|Thriller
Ford v Ferrari,2019,0.81,0.83,0.82,769,152,Action|Biography|Drama|Sport
The Mitchells vs. The Machines,2021,0.81,0.8,0.8,342,113,Animation|Adventure|Comedy|Family|Sci-Fi
Huesera: The Bone Woman,2023,0.81,0.63,0.72,25,93,Drama|Horror
A Thousand and One,2023,0.81,0.66,0.74,50,117,Crime|Drama
Waves,2019,0.8,0.73,0.76,109,135,Drama|Romance|Sport
X,2022,0.8,0.65,0.73,335,105,Horror|Mystery|Thriller
The Sparks Brothers,2021,0.8,0.71,0.76,33,140,Documentary|Biography|Comedy|History|Music
Knock Down the House,2019,0.8,0.45,0.62,106,86,Documentary
Dinner in America,2022,0.8,0.87,0.84,27,106,Comedy|Drama|Music|Romance
Marcel the Shell with Shoes On,2022,0.8,0.81,0.8,116,89,Animation|Comedy|Drama|Family|Fantasy
Perfect Days,2023,0.8,0.81,0.8,155,123,Drama
Passages,2023,0.8,0.67,0.74,34,91,Drama|Romance
Ad Astra,2019,0.8,0.62,0.71,950,123,Adventure|Drama|Mystery|Sci-Fi|Thriller
You Hurt My Feelings,2023,0.8,0.63,0.72,60,93,Comedy|Drama|Romance
A Hidden Life,2019,0.8,0.73,0.76,96,174,Biography|Drama|Romance|War
Lean on Pete,2018,0.8,0.77,0.78,59,121,Adventure|Drama|Sport
Bergman Island,2021,0.8,0.68,0.74,34,112,Comedy|Drama|Romance
We the Animals,2018,0.8,0.63,0.72,35,94,Drama
Wild Rose,2019,0.8,0.86,0.83,107,101,Drama|Music
Strange Darling,2024,0.8,0.71,0.76,158,96,Horror|Thriller
The Eternal Daughter,2022,0.8,0.67,0.74,23,96,Drama|Mystery
The Settlers,2024,0.8,0.71,0.76,23,97,Crime|Drama|History
The Beast,2024,0.8,0.65,0.73,52,146,Drama|Romance|Sci-Fi|Thriller
A Beautiful Day in the Neighborhood,2019,0.8,0.71,0.76,208,109,Biography|Drama|Family
The Forty-Year-Old Version,2020,0.8,0.67,0.74,43,129,Comedy|Drama
Compartment No. 6,2021,0.8,0.75,0.78,32,107,Drama|Romance
Sleep,2024,0.8,0.63,0.72,30,95,Horror|Mystery|Thriller
7 Prisoners,2021,0.8,0.72,0.76,28,93,Crime|Drama
Mad God,2022,0.8,0.7,0.75,62,83,Animation|Fantasy|Horror|Sci-Fi
Twinless,2025,0.8,0.74,0.77,23,100,Comedy|Drama
The Endless,2018,0.8,0.7,0.75,129,111,Horror|Mystery|Sci-Fi|Thriller
The Old Man & the Gun,2018,0.8,0.68,0.74,108,93,Biography|Comedy|Crime|Drama|Romance
The Other Side of the Wind,2018,0.8,0.76,0.78,45,122,Drama
Red Rooms,2024,0.8,0.74,0.77,52,118,Crime|Horror|Mystery|Thriller
Wildlife,2018,0.8,0.74,0.77,94,105,Drama
Mank,2020,0.79,0.65,0.72,266,131,Biography|Drama
Babygirl,2024,0.79,0.55,0.67,189,114,Drama|Romance|Thriller
Bad Education,2020,0.79,0.76,0.78,109,108,Biography|Comedy|Crime|Drama
Io Capitano,2024,0.79,0.74,0.76,42,121,Adventure|Drama
November,2018,0.79,0.78,0.78,22,115,Drama|Fantasy|Horror|Romance
Guillermo Del Toro’s Pinocchio,2022,0.79,0.81,0.8,312,117,Animation|Adventure|Drama|Family|Fantasy|Musical
La Llorona,2020,0.79,0.7,0.74,22,96,Crime|Drama|Horror|Thriller|War
Apollo 10½: A Space Age Childhood,2022,0.79,0.72,0.76,53,97,Animation|Adventure|Drama|History
Monster,2023,0.79,0.83,0.81,65,126,Drama|Thriller
The Ballad of Buster Scruggs,2018,0.79,0.74,0.76,362,133,Comedy|Drama|Musical|Mystery|Western
Disclosure,2020,0.79,0.66,0.73,25,108,Documentary
The First Slam Dunk,2023,0.79,0.82,0.8,40,124,Animation|Comedy|Drama|Sport
How to Have Sex,2024,0.79,0.6,0.7,41,98,Drama
The Three Musketeers - Part I: DArtagnan,2023,0.79,0.73,0.76,33,121,Action|Adventure|History
Furiosa: A Mad Max Saga,2024,0.79,0.72,0.76,746,148,Action|Adventure|Sci-Fi
Thunder Road,2018,0.79,0.7,0.74,48,92,Comedy|Drama
The Assistant,2020,0.79,0.53,0.66,102,87,Drama
A Shaun the Sheep Movie: Farmageddon,2020,0.79,0.72,0.76,53,86,Animation|Adventure|Comedy|Family|Fantasy|Sci-Fi
Hustlers,2019,0.79,0.62,0.7,306,110,Comedy|Crime|Drama
Let the Sunshine In,2018,0.79,0.61,0.7,35,94,Comedy|Drama|Romance
Kimi,2022,0.79,0.62,0.7,124,89,Crime|Drama|Mystery|Thriller
Conclave,2024,0.79,0.69,0.74,495,120,Drama|Thriller
Another Round,2020,0.79,0.8,0.8,258,115,Comedy|Drama
Shiva Baby,2021,0.79,0.75,0.77,70,77,Comedy|Drama
Official Competition,2022,0.79,0.73,0.76,40,114,Comedy|Drama
Priscilla,2023,0.79,0.66,0.73,112,113,Biography|Drama|Music|Romance
The Innocents,2022,0.79,0.75,0.77,38,117,Drama|Fantasy|Horror|Thriller
All In: The Fight for Democracy,2020,0.79,0.34,0.57,20,102,Documentary
Black Bear,2020,0.79,0.66,0.73,50,104,Drama
im thinking of ending things,2020,0.78,0.68,0.73,309,134,Drama|Thriller
Speak No Evil,2022,0.78,0.65,0.72,105,97,Drama|Horror|Mystery|Thriller
Still: A Michael J. Fox Movie,2023,0.78,0.82,0.8,37,95,Documentary|Biography
A Different Man,2024,0.78,0.67,0.73,90,112,Drama|Thriller
Les Misérables,2020,0.78,0.66,0.72,62,102,Crime|Drama|Thriller
Kajillionaire,2020,0.78,0.7,0.74,70,104,Comedy|Crime|Drama
Top Gun: Maverick,2022,0.78,0.84,0.81,967,130,Action|Drama
BlackBerry,2023,0.78,0.72,0.75,100,119,Biography|Comedy|Drama|History
Oddity,2024,0.78,0.68,0.73,112,98,Horror|Thriller
birth/rebirth,2023,0.78,0.66,0.72,22,98,Drama|Horror|Thriller
Warfare,2025,0.78,0.73,0.76,205,95,Action|Drama|War
Police Story (1985),2018,0.78,0.81,0.8,50,101,Action|Comedy|Crime|Thriller
Dìdi,2024,0.78,0.69,0.74,65,91,Comedy|Drama
After Yang,2022,0.78,0.71,0.74,69,96,Drama|Sci-Fi
Argentina; 1985,2022,0.78,0.73,0.76,62,140,Biography|Crime|Drama|History
Gloria Bell,2019,0.78,0.66,0.72,67,102,Comedy|Drama|Music|Romance
Monos,2019,0.78,0.72,0.75,56,102,Adventure|Drama|Thriller
Good Luck to You; Leo Grande,2022,0.78,0.71,0.74,77,97,Comedy|Drama
Predator: Killer of Killers,2025,0.78,0.72,0.75,166,90,Animation|Action|Adventure|Sci-Fi|Thriller
John Wick: Chapter 4,2023,0.78,0.8,0.79,840,169,Action|Crime|Thriller
Roadrunner: A Film About Anthony Bourdain,2021,0.78,0.69,0.74,20,118,Documentary
High Flying Bird,2019,0.78,0.6,0.69,47,90,Drama|Sport
The Humans,2021,0.78,0.57,0.68,51,108,Drama
The Card Counter,2021,0.78,0.63,0.7,79,109,Crime|Drama|Thriller
Diego Maradona,2019,0.78,0.81,0.8,35,130,Documentary|Biography|Sport
The Ballad of Wallis Island,2025,0.78,0.75,0.76,42,99,Comedy|Drama|Music|Romance
The Peoples Joker,2024,0.78,0.43,0.6,55,92,Comedy
The Sisters Brothers,2018,0.78,0.71,0.74,151,121,Drama|Western
The Remarkable Life of Ibelin,2024,0.78,0.84,0.81,37,106,Documentary|Animation|Biography
Im Your Man,2021,0.78,0.73,0.76,36,105,Comedy|Drama|Romance|Sci-Fi
The Eight Mountains,2023,0.78,0.72,0.75,20,147,Drama
Non-Fiction,2019,0.78,0.72,0.75,22,108,Comedy|Drama|Romance
Spontaneous,2020,0.78,0.65,0.72,48,101,Comedy|Drama|Horror|Romance
Barbarian,2022,0.78,0.68,0.73,354,102,Horror|Mystery|Thriller
The Social Dilemma,2020,0.78,0.76,0.77,102,89,Documentary|Drama
Were All Going to the Worlds Fair,2022,0.78,0.52,0.65,27,86,Drama|Fantasy|Horror|Mystery
Sorry to Bother You,2018,0.78,0.7,0.74,255,111,Comedy|Drama|Fantasy|Sci-Fi
Limbo,2024,0.78,0.63,0.7,42,108,Crime|Drama|Mystery|Thriller
The Substance,2024,0.78,0.73,0.76,885,140,Drama|Horror|Sci-Fi
The Starling Girl,2023,0.78,0.69,0.74,22,116,Drama
High Life,2019,0.78,0.61,0.7,162,113,Drama|Sci-Fi|Thriller
Nosferatu,2024,0.78,0.7,0.74,634,132,Fantasy|Horror|Mystery
The Bee Gees: How Can You Mend a Broken Heart,2020,0.78,0.82,0.8,20,111,Documentary|Biography|Music
The Personal History of David Copperfield,2020,0.77,0.52,0.64,64,119,Comedy|Drama
Clemency,2019,0.77,0.67,0.72,33,112,Drama
Fancy Dance,2024,0.77,0.57,0.67,21,90,Drama
A Secret Love,2020,0.77,0.76,0.76,22,81,Documentary|Biography|Drama|Romance
Till,2022,0.77,0.68,0.73,42,130,Biography|Crime|Drama|History
Nope,2022,0.77,0.63,0.7,559,135,Horror|Mystery|Sci-Fi|Thriller
Longlegs,2024,0.77,0.63,0.7,473,101,Crime|Horror|Mystery|Thriller
Every Body,2023,0.77,0.36,0.56,29,92,Documentary
Women Talking,2022,0.77,0.57,0.67,127,104,Drama
KPop Demon Hunters,2025,0.77,0.8,0.78,332,95,Animation|Action|Adventure|Comedy|Family|Fantasy|Music|Musical
Corpus Christi,2020,0.77,0.78,0.78,53,115,Drama
The Royal Hotel,2023,0.77,0.57,0.67,41,91,Drama
On Body and Soul,2018,0.77,0.79,0.78,65,116,Drama|Fantasy|Mystery|Romance
Gods Country,2022,0.77,0.5,0.64,35,102,Thriller
Babyteeth,2020,0.77,0.71,0.74,41,118,Comedy|Drama|Romance
Better Man,2024,0.77,0.71,0.74,131,131,Biography|Fantasy|Music|Musical
The Promised Land,2024,0.77,0.75,0.76,48,127,Action|Biography|Drama|History
The Nightingale,2019,0.77,0.69,0.73,78,136,Adventure|Drama|Thriller|Western
Presence,2025,0.77,0.62,0.7,109,85,Drama|Horror|Thriller
Maestro,2023,0.77,0.6,0.68,161,129,Biography|Drama|History|Music|Romance
Relic,2020,0.77,0.61,0.69,83,89,Drama|Horror|Mystery|Thriller
Twilight of the Warriors: Walled In,2024,0.77,0.69,0.73,22,126,Action|Crime|Thriller
Thelma,2024,0.77,0.72,0.74,85,97,Action|Comedy
Love Lies Bleeding,2024,0.77,0.63,0.7,180,104,Crime|Drama|Mystery|Romance|Thriller
Suzume,2023,0.77,0.82,0.8,172,122,Animation|Adventure|Drama|Fantasy
The Mustang,2019,0.77,0.67,0.72,41,96,Drama
First Love,2019,0.77,0.71,0.74,24,108,Action|Comedy|Crime|Romance
28 Years Later,2025,0.77,0.62,0.7,548,126,Horror|Sci-Fi|Thriller
The Wife,2018,0.77,0.72,0.74,136,100,Drama
Promare,2019,0.76,0.61,0.68,76,111,Animation|Action|Adventure|Comedy|Drama|Fantasy|Sci-Fi|Thriller
Kneecap,2024,0.76,0.75,0.76,57,105,Comedy|Drama|Music
Dolemite Is My Name,2019,0.76,0.75,0.76,163,118,Biography|Comedy|Drama
A Prayer Before Dawn,2018,0.76,0.7,0.73,35,116,Action|Biography|Crime|Drama|Sport
Corsage,2022,0.76,0.63,0.7,35,113,Biography|Drama|History
Red Rocket,2021,0.76,0.73,0.74,90,128,Comedy|Drama|Romance
The White Tiger,2021,0.76,0.69,0.72,102,125,Crime|Drama
I Am: Celine Dion,2024,0.76,0.77,0.76,43,103,Documentary|Biography|Music
All Quiet on the Western Front,2022,0.76,0.8,0.78,359,148,Drama|History|War
Super/Man: The Christopher Reeve Story,2024,0.76,0.81,0.78,61,106,Documentary|Biography
The Trial of the Chicago 7,2020,0.76,0.76,0.76,289,129,Drama|History|Thriller
Flora and Son,2023,0.76,0.71,0.74,29,97,Comedy|Music|Romance
Rebel Ridge,2024,0.76,0.68,0.72,166,131,Action|Crime|Drama|Thriller
Calibre,2018,0.76,0.65,0.7,45,101,Drama|Thriller
Hail Satan?,2019,0.76,0.61,0.68,34,95,Documentary
Zola,2021,0.76,0.6,0.68,70,86,Comedy|Crime|Drama
Talk to Me,2023,0.76,0.69,0.72,268,94,Horror|Thriller
The Hand of God,2021,0.76,0.75,0.76,76,130,Drama
Spencer,2021,0.76,0.68,0.72,333,111,Biography|Drama
Cassandro,2023,0.76,0.61,0.68,21,99,Biography|Drama|Sport
No Sudden Move,2021,0.76,0.61,0.68,88,90,Crime|Drama|Mystery|Thriller
5-Sep,2024,0.76,0.63,0.7,92,91,Drama|History|Thriller
At Eternitys Gate,2018,0.76,0.72,0.74,108,111,Biography|Drama|History
King Richard,2021,0.76,0.66,0.71,242,144,Biography|Drama|Sport
Shirley,2020,0.76,0.64,0.7,46,107,Biography|Drama|Mystery|Thriller
Tigers Are Not Afraid,2019,0.76,0.74,0.75,27,83,Fantasy|Horror|Mystery
The Woman King,2022,0.76,0.32,0.54,506,135,Action|Drama|History
Lunana: A Yak in the Classroom,2022,0.76,0.77,0.76,21,110,Drama|Family
American Symphony,2023,0.76,0.53,0.64,20,100,Documentary|Biography|Music
Asteroid City,2023,0.76,0.67,0.72,255,104,Comedy|Drama|Romance|Sci-Fi
How to Blow Up a Pipeline,2023,0.76,0.63,0.7,39,103,Action|Crime|Drama|Thriller
Pearl,2022,0.76,0.7,0.73,232,103,Drama|Horror|Thriller
Paris; 13th District,2022,0.76,0.6,0.68,21,105,Comedy|Drama|Romance
Mars Express,2024,0.76,0.76,0.76,64,85,Animation|Action|Mystery|Sci-Fi|Thriller
The Fire Inside,2024,0.76,0.68,0.72,32,109,Biography|Drama|Sport
Encanto,2021,0.75,0.7,0.72,452,102,Animation|Comedy|Family|Fantasy|Musical
Border,2018,0.75,0.64,0.7,73,110,Crime|Drama|Fantasy|Mystery|Romance|Sci-Fi|Thriller
Emily the Criminal,2022,0.75,0.68,0.72,121,93,Crime|Drama|Mystery|Thriller
The Kindergarten Teacher,2018,0.75,0.74,0.74,48,96,Drama|Thriller
The Naked Gun,2025,0.75,0.68,0.72,240,85,Action|Comedy|Crime
Bodied,2018,0.75,0.82,0.78,42,120,Comedy|Drama|Music
Ruben Brandt; Collector,2019,0.75,0.81,0.78,21,96,Animation|Action|Crime|Drama|Thriller
Blaze,2018,0.75,0.6,0.68,25,129,Biography|Drama|Music
The Order,2024,0.75,0.69,0.72,85,114,Crime|Drama|Thriller
Capernaum,2018,0.75,0.83,0.79,124,126,Drama
My Dead Friend Zoe,2025,0.75,0.83,0.79,20,98,Comedy|Drama|War
Stan & Ollie,2018,0.75,0.74,0.74,95,98,Biography|Comedy|Drama|Family|History
Undine,2021,0.75,0.68,0.72,21,90,Drama|Fantasy|Mystery|Romance|Thriller
The Count of Monte Cristo,2024,0.75,0.75,0.75,55,173,Action|Adventure|Drama|Romance|Thriller
The Two Popes,2019,0.75,0.75,0.75,219,125,Biography|Comedy|Drama
Fyre,2019,0.75,0.76,0.76,67,97,Documentary|Crime|Music
The French Dispatch,2021,0.75,0.7,0.72,262,107,Comedy|Drama|Romance
Benedetta,2021,0.75,0.68,0.72,52,131,Biography|Drama|Romance
Tully,2018,0.75,0.74,0.74,179,95,Comedy|Drama|Mystery
Pleasure,2022,0.75,0.6,0.68,42,109,Drama
Nimona,2023,0.75,0.75,0.75,227,101,Animation|Action|Adventure|Comedy|Drama|Family|Fantasy|Sci-Fi|Thriller
Belfast,2021,0.75,0.67,0.71,216,98,Biography|Drama
Civil War,2024,0.75,0.62,0.68,566,109,Action|Thriller
Blindspotting,2018,0.75,0.75,0.75,98,95,Comedy|Crime|Drama
A Private War,2018,0.75,0.71,0.73,60,110,Biography|Drama|War
Together,2025,0.75,0.68,0.72,109,102,Horror|Romance
When Evil Lurks,2023,0.75,0.69,0.72,110,99,Horror
Whitney,2018,0.75,0.75,0.75,29,120,Documentary|Biography|Drama|Music
Polite Society,2023,0.75,0.67,0.71,39,103,Action|Comedy
Thoroughbreds,2018,0.75,0.7,0.72,122,92,Comedy|Crime|Drama|Thriller
The Bobs Burgers Movie,2022,0.75,0.74,0.74,56,102,Animation|Adventure|Comedy|Crime|Drama|Musical|Mystery|Thriller
Bring Her Back,2025,0.75,0.68,0.72,171,104,Horror|Mystery
Emily,2023,0.75,0.73,0.74,24,130,Biography|Drama|History|Romance
Origin,2023,0.75,0.73,0.74,28,135,Drama|History
Titane,2021,0.75,0.65,0.7,157,108,Drama|Horror|Sci-Fi|Thriller
Hatching,2022,0.75,0.66,0.7,30,86,Drama|Fantasy|Horror
Hala,2019,0.75,0.39,0.57,20,94,Drama
True History of the Kelly Gang,2020,0.75,0.55,0.65,36,124,Action|Biography|Crime|Drama|Thriller|Western
They Cloned Tyrone,2023,0.74,0.66,0.7,84,122,Comedy|Mystery|Sci-Fi|Thriller
I Kill Giants,2018,0.74,0.66,0.7,78,106,Drama|Fantasy|Thriller
The Kid Detective,2020,0.74,0.71,0.72,41,100,Comedy|Crime|Drama|Mystery
Bottoms,2023,0.74,0.69,0.72,128,92,Comedy
Beastie Boys Story,2020,0.74,0.73,0.74,25,119,Documentary|Biography|Music
The Sea Beast,2022,0.74,0.73,0.74,93,115,Animation|Action|Adventure|Comedy|Family|Fantasy|Thriller
Raya and the Last Dragon,2021,0.74,0.68,0.71,491,107,Animation|Action|Adventure|Comedy|Drama|Family|Fantasy
The Burial,2023,0.74,0.66,0.7,39,126,Drama
Jawline,2019,0.74,0.5,0.62,23,99,Documentary
Catherine Called Birdy,2022,0.74,0.68,0.71,26,108,Adventure
Mary and The Witchs Flower,2018,0.74,0.69,0.72,77,102,Animation|Adventure|Family|Fantasy
My Old Ass,2024,0.74,0.7,0.72,107,88,Comedy|Drama|Romance
Jackass Forever,2022,0.74,0.67,0.7,144,96,Documentary|Action|Comedy
The Three Musketeers - Part 2: Milady,2024,0.74,0.7,0.72,23,115,Action|Adventure|Drama|History
Bones and All,2022,0.74,0.69,0.72,125,130,Drama|Horror|Romance
How to Make Millions Before Grandma Dies,2024,0.74,0.8,0.77,46,125,Comedy|Drama|Family
The Half of It,2020,0.74,0.79,0.76,92,104,Comedy|Drama
Armageddon Time,2022,0.74,0.66,0.7,67,115,Drama
Plan B,2021,0.74,0.65,0.7,23,107,Comedy
Colette,2018,0.74,0.7,0.72,70,111,Biography|Drama|History|Romance
Teenage Mutant Ninja Turtles: Mutant Mayhem,2023,0.74,0.59,0.66,348,99,Animation|Action|Adventure|Comedy|Crime|Family|Fantasy|Sci-Fi
Disobedience,2018,0.74,0.72,0.73,101,114,Drama
Woman of the Hour,2024,0.74,0.65,0.7,111,95,Crime|Drama|Mystery
Sylvies Love,2020,0.74,0.68,0.71,21,114,Drama|Music|Romance
Scrapper,2023,0.74,0.71,0.72,22,84,Comedy|Drama
See You Yesterday,2019,0.74,0.48,0.61,62,84,Action|Adventure|Crime|Drama|Sci-Fi|Thriller
The Stranger,2022,0.74,0.65,0.7,32,117,Crime|Drama|Thriller
Joy Ride,2023,0.74,0.57,0.66,85,95,Comedy
Crazy Rich Asians,2018,0.74,0.68,0.71,325,120,Comedy|Drama|Romance
Touch,2024,0.74,0.69,0.72,21,121,Drama|Romance
The Duke,2021,0.74,0.73,0.74,24,96,Biography|Comedy|Crime|Drama
Dream Scenario,2023,0.74,0.67,0.7,139,100,Comedy|Drama|Fantasy|Horror
Will & Harper,2024,0.74,0.64,0.69,48,114,Documentary
Kill,2024,0.74,0.76,0.75,54,115,Action|Crime|Drama|Thriller
tick; tick...Boom!,2021,0.74,0.73,0.74,171,115,Biography|Comedy|Drama|Musical
She Said,2022,0.74,0.54,0.64,88,128,Crime|Drama|History
Beast,2018,0.74,0.7,0.72,48,107,Crime|Drama|Mystery|Romance|Thriller
Bad Luck Banging or Loony Porn,2021,0.74,0.67,0.7,21,106,Comedy|Drama
Splitsville,2025,0.74,0.61,0.68,32,100,Comedy
Queen & Slim,2019,0.74,0.65,0.7,121,132,Crime|Drama|Romance|Thriller
On the Rocks,2020,0.73,0.64,0.68,87,96,Comedy|Drama|Romance
Final Destination: Bloodlines,2025,0.73,0.69,0.71,295,100,Horror|Thriller
Miss Juneteenth,2020,0.73,0.6,0.66,21,103,Drama
The Party,2018,0.73,0.64,0.68,42,71,Comedy|Drama
The Iron Claw,2023,0.73,0.79,0.76,162,132,Biography|Drama|Sport
Highest 2 Lowest,2025,0.73,0.47,0.6,90,133,Crime|Drama|Mystery|Thriller
Who We Are: A Chronicle of Racism in America,2022,0.73,0.46,0.6,73,117,Documentary
Woodstock 99: Peace Love and Rage,2021,0.73,0.38,0.55,32,110,Documentary|Music
Concrete Utopia,2023,0.73,0.62,0.68,20,130,Action|Adventure|Drama|Sci-Fi|Thriller
Val,2021,0.73,0.77,0.75,26,109,Documentary|Biography
Fair Play,2023,0.73,0.57,0.65,63,113,Drama|Thriller
Inside Out 2,2024,0.73,0.76,0.74,645,100,Animation|Adventure|Comedy|Drama|Family|Fantasy|Sport
The Fall Guy,2024,0.73,0.68,0.7,444,126,Action|Comedy|Drama|Romance
Creed III,2023,0.73,0.68,0.7,221,116,Action|Drama|Sport
The Biggest Little Farm,2019,0.73,0.73,0.73,22,91,Documentary|Family
The World to Come,2021,0.73,0.68,0.7,25,105,Drama|History|Western
Host,2020,0.73,0.62,0.68,59,56,Horror|Mystery
Air,2023,0.73,0.72,0.72,211,112,Drama|Sport
Supernova,2021,0.73,0.71,0.72,35,93,Drama|Romance
The Platform,2020,0.73,0.69,0.71,359,94,Horror|Mystery|Sci-Fi|Thriller
Emergency,2022,0.73,0.72,0.72,35,105,Comedy|Drama|Thriller
Puss in Boots: The Last Wish,2022,0.73,0.88,0.8,684,102,Animation|Action|Adventure|Comedy|Family|Fantasy
Honey Boy,2019,0.73,0.72,0.72,76,94,Drama
The Killer,2023,0.73,0.68,0.7,311,118,Action|Adventure|Crime|Drama|Thriller
Boiling Point,2021,0.73,0.72,0.72,54,95,Drama|Thriller
Ferrari,2023,0.73,0.66,0.7,148,130,Biography|Drama|History|Sport
News of the World,2020,0.73,0.69,0.71,149,118,Action|Adventure|Drama|Western
Girl,2019,0.73,0.61,0.67,21,105,Drama
Journeys End,2018,0.73,0.65,0.69,28,107,Drama|War
Dark Waters,2019,0.73,0.79,0.76,149,126,Biography|Drama|History|Thriller
The Dig,2021,0.73,0.69,0.71,106,112,Biography|Drama|History
Athena,2022,0.73,0.54,0.64,43,99,Action|Drama|Thriller
Good Boy,2025,0.73,0.58,0.66,28,73,Comedy|Horror|Thriller
CODA,2021,0.72,0.77,0.74,239,111,Comedy|Drama|Music
Fire Island,2022,0.72,0.68,0.7,42,105,Comedy|Romance
Bros,2022,0.72,0.41,0.56,220,115,Comedy|Romance
Roald Dahls Matilda The Musical,2022,0.72,0.69,0.7,49,117,Comedy|Drama|Family|Fantasy|Music|Musical
Ammonite,2020,0.72,0.69,0.7,90,120,Drama|History|Romance
The Last Stop in Yuma County,2024,0.72,0.62,0.67,48,91,Crime|Drama|Thriller
The Insult,2018,0.72,0.8,0.76,33,112,Crime|Drama|Thriller
Juror #2,2024,0.72,0.66,0.69,187,114,Crime|Drama|Mystery|Thriller
Nanny,2022,0.72,0.53,0.62,25,97,Drama|Horror
Friendship,2025,0.72,0.64,0.68,86,97,Comedy
Brittany Runs A Marathon,2019,0.72,0.63,0.68,48,104,Comedy|Drama
Promising Young Woman,2020,0.72,0.72,0.72,352,113,Crime|Drama|Mystery|Thriller
Love; Simon,2018,0.72,0.8,0.76,338,110,Comedy|Drama|Romance
M3GAN,2023,0.72,0.66,0.69,340,102,Horror|Sci-Fi|Thriller
Mickey 17,2025,0.72,0.62,0.67,506,139,Adventure|Comedy|Fantasy|Sci-Fi
Blow the Man Down,2020,0.72,0.54,0.63,34,91,Comedy|Crime|Drama|Mystery|Thriller
His House,2020,0.72,0.68,0.7,95,93,Drama|Horror|Thriller
Demon Slayer -Kimetsu no Yaiba- The Movie: Mugen Train,2021,0.72,0.83,0.77,293,117,Animation|Action|Adventure|Fantasy|Thriller
Let Them All Talk,2020,0.72,0.62,0.67,44,113,Comedy|Drama
Am I OK?,2024,0.72,0.51,0.62,42,86,Comedy|Drama|Romance
Nine Days,2021,0.72,0.68,0.7,38,124,Drama|Fantasy
Weathering with You,2020,0.72,0.84,0.78,192,112,Animation|Drama|Fantasy|Romance
Infinity Pool,2023,0.72,0.57,0.64,139,117,Crime|Horror|Mystery|Sci-Fi|Thriller
Piggy,2022,0.72,0.64,0.68,29,90,Drama|Horror|Thriller
The Outrun,2024,0.72,0.62,0.67,66,118,Biography|Drama
Luce,2019,0.72,0.73,0.72,46,109,Drama|Mystery|Thriller
Extra Ordinary,2020,0.72,0.64,0.68,32,94,Comedy|Fantasy|Horror
Four Hours at the Capitol,2021,0.72,0.52,0.62,20,92,Documentary|Crime
The Color Purple,2023,0.72,0.69,0.7,96,141,Drama|Musical
Babes,2024,0.72,0.59,0.66,39,109,Comedy
Queer,2024,0.72,0.58,0.65,114,137,Biography|Drama|History|Romance
Orion and the Dark,2024,0.72,0.64,0.68,56,90,Animation|Adventure|Comedy|Family|Fantasy|Mystery
Possessor Uncut,2020,0.72,0.69,0.7,96,103,Horror|Mystery|Sci-Fi|Thriller
El Camino: A Breaking Bad Movie,2019,0.72,0.75,0.74,781,122,Crime|Drama|Thriller
Bridget Jones: Mad About the Boy,2025,0.72,0.62,0.67,60,124,Comedy|Drama|Romance
Candyman,2021,0.72,0.49,0.6,268,91,Horror|Thriller
Dungeons & Dragons: Honor Among Thieves,2023,0.72,0.75,0.74,587,134,Action|Adventure|Comedy|Fantasy
El Conde,2023,0.72,0.6,0.66,44,110,Comedy|Fantasy|History|Horror
Midsommar,2019,0.72,0.65,0.68,827,147,Drama|Horror|Mystery|Thriller
The Dark and the Wicked,2020,0.72,0.59,0.66,59,94,Horror
Society of the Snow,2023,0.72,0.8,0.76,183,144,Adventure|Biography|Drama|History|Thriller
Watcher,2022,0.72,0.63,0.68,100,91,Drama|Horror|Mystery|Thriller
Maquia: When the Promised Flower Blooms,2018,0.72,0.81,0.76,41,115,Animation|Adventure|Drama|Fantasy|Romance
Late Night with the Devil,2024,0.72,0.71,0.72,245,86,Horror
VFW,2020,0.72,0.5,0.61,23,92,Action|Crime|Horror|Thriller
Eileen,2023,0.72,0.64,0.68,48,97,Drama|Mystery|Romance|Thriller
The Shrouds,2025,0.72,0.59,0.66,28,119,Drama|Horror|Sci-Fi|Thriller
The Invisible Man,2020,0.72,0.69,0.7,636,124,Drama|Horror|Mystery|Sci-Fi|Thriller
Arctic,2019,0.71,0.69,0.7,93,98,Adventure|Drama
Sick of Myself,2023,0.71,0.72,0.72,22,97,Comedy|Drama|Horror
One Of Them Days,2025,0.71,0.63,0.67,64,97,Comedy
Shang-Chi and the Legend of the Ten Rings,2021,0.71,0.71,0.71,965,132,Action|Adventure|Fantasy|Sci-Fi
Luca,2021,0.71,0.76,0.74,389,95,Animation|Adventure|Comedy|Drama|Family|Fantasy
Prey,2022,0.71,0.62,0.66,710,99,Action|Adventure|Horror|Sci-Fi|Thriller
Searching,2018,0.71,0.79,0.75,357,102,Drama|Mystery|Thriller
The Menu,2022,0.71,0.68,0.7,443,107,Comedy|Horror|Thriller
Heretic,2024,0.71,0.68,0.7,296,111,Horror|Thriller
Jujutsu Kaisen 0: The Movie,2022,0.71,0.8,0.76,151,105,Animation|Action|Fantasy
The Long Walk,2025,0.71,0.68,0.7,124,108,Thriller
Ralph Breaks the Internet,2018,0.71,0.63,0.67,561,111,Animation|Adventure|Comedy|Family|Fantasy|Sci-Fi|Sport
Proxima,2020,0.71,0.73,0.72,32,107,Adventure|Drama|Sci-Fi
Memory,2023,0.71,0.72,0.72,27,100,Drama
The Land of Steady Habits,2018,0.71,0.62,0.66,20,98,Comedy|Drama
Gemini,2018,0.71,0.57,0.64,26,93,Crime|Drama|Mystery|Thriller
A Quiet Place Part II,2021,0.71,0.72,0.72,464,97,Drama|Horror|Sci-Fi|Thriller
The Outpost,2020,0.71,0.71,0.71,59,123,Action|Drama|History|War
How to Train Your Dragon: The Hidden World,2019,0.71,0.79,0.75,556,104,Animation|Action|Adventure|Comedy|Drama|Family|Fantasy
The Wonder,2022,0.71,0.67,0.69,56,108,Drama|Mystery|Thriller
Emma.,2020,0.71,0.63,0.67,138,124,Comedy|Drama|Romance
Little Fish,2021,0.71,0.65,0.68,24,101,Drama|Romance|Sci-Fi
RBG,2018,0.71,0.66,0.68,46,98,Documentary|Biography
You Are So Not Invited to My Bat Mitzvah!,2023,0.71,0.49,0.6,55,103,Comedy
Blinded by the Light,2019,0.71,0.67,0.69,92,118,Comedy|Drama|Music
Yes; God; Yes,2020,0.71,0.61,0.66,51,78,Comedy|Drama
Dogman,2019,0.71,0.79,0.75,60,103,Crime|Drama|Thriller
Cam,2018,0.71,0.64,0.68,80,94,Drama|Horror|Mystery|Thriller
Blitz,2024,0.71,0.47,0.59,112,114,Action|Drama|History|War
The Room Next Door,2024,0.7,0.69,0.7,45,110,Drama
Vesper,2022,0.7,0.61,0.66,58,114,Adventure|Drama|Sci-Fi
Theater Camp,2023,0.7,0.69,0.7,45,94,Comedy
Sundown,2022,0.7,0.63,0.66,21,83,Drama|Mystery
Companion,2025,0.7,0.68,0.69,325,97,Sci-Fi|Thriller
Fauci,2021,0.7,0.07,0.38,129,104,Documentary|Biography|History
A Complete Unknown,2024,0.7,0.72,0.71,211,141,Biography|Drama|Music
My Penguin Friend,2024,0.7,0.71,0.7,22,97,Adventure|Drama|Family
My Hero Academia: Heroes Rising,2020,0.7,0.8,0.75,88,104,Animation|Action|Adventure|Sci-Fi
The Bikeriders,2024,0.7,0.65,0.68,136,116,Crime|Drama
Sisu,2023,0.7,0.67,0.68,168,91,Action|Thriller|War
Resurrection,2022,0.7,0.62,0.66,34,103,Crime|Drama|Horror|Mystery|Thriller
Final Portrait,2018,0.7,0.58,0.64,23,90,Biography|Comedy|Drama
Her Smell,2019,0.7,0.44,0.57,41,134,Drama|Music
Monkey Man,2024,0.7,0.69,0.7,226,113,Action|Crime|Thriller
Infested,2024,0.7,0.58,0.64,29,106,Horror
Paddleton,2019,0.7,0.77,0.74,36,89,Comedy|Drama
Together Together,2021,0.7,0.68,0.69,24,90,Comedy|Drama
Mrs. Harris Goes to Paris,2022,0.7,0.65,0.68,42,115,Comedy|Drama
The 12th Man,2018,0.7,0.78,0.74,30,135,Drama|History|Thriller|War
The Dead Dont Hurt,2024,0.7,0.64,0.67,20,129,Drama|Western
The Ugly Stepsister,2025,0.7,0.7,0.7,42,105,Comedy|Drama|Horror
Nightmare Alley,2021,0.7,0.7,0.7,266,150,Crime|Drama|Thriller
The Quake,2018,0.7,0.59,0.64,20,106,Action|Drama|Thriller
Humanist Vampire Seeking Consenting Suicidal Person,2024,0.7,0.77,0.74,23,90,Comedy|Drama|Fantasy|Horror
The Cat Returns (2002),2018,0.7,0.71,0.7,59,75,Animation|Adventure|Comedy|Family|Fantasy|Romance
Alone,2020,0.7,0.65,0.68,58,98,Drama|Mystery|Thriller
Beavis and Butt-Head Do the Universe,2022,0.7,0.77,0.74,60,87,Animation|Comedy|Sci-Fi
Late Night,2019,0.7,0.6,0.65,86,102,Comedy|Drama
Weird: The Al Yankovic Story,2022,0.7,0.71,0.7,83,108,Action|Biography|Comedy|Crime|Music|Musical
Billie Eilish: The Worlds a Little Blurry,2021,0.7,0.83,0.76,125,140,Documentary|Biography|Drama|Music
The Boys in the Band,2020,0.7,0.67,0.68,36,121,Drama
The Old Guard,2020,0.7,0.59,0.64,584,125,Action|Thriller
Color Out of Space,2020,0.7,0.62,0.66,182,111,Horror|Mystery|Sci-Fi|Thriller
The Peanut Butter Falcon,2019,0.7,0.76,0.73,166,97,Adventure|Comedy|Drama
Double Lover,2018,0.7,0.63,0.66,24,107,Drama|Romance|Thriller
Materialists,2025,0.7,0.6,0.65,152,116,Comedy|Romance
The Phoenician Scheme,2025,0.7,0.64,0.67,128,101,Action|Comedy|Crime|Drama|Thriller
Old Henry,2021,0.69,0.71,0.7,57,99,Action|Drama|Western
Censor,2021,0.69,0.6,0.64,61,84,Horror|Mystery|Thriller
The Miseducation of Cameron Post,2018,0.69,0.67,0.68,60,91,Comedy|Drama
Rocketman,2019,0.69,0.74,0.72,473,121,Biography|Drama|Music|Musical
Evil Dead Rise,2023,0.69,0.69,0.69,311,120,Horror
Tuesday,2024,0.69,0.72,0.7,36,111,Drama|Fantasy
I Am Greta,2020,0.69,0.47,0.58,40,97,Documentary|Biography
The Dry,2021,0.69,0.69,0.69,48,117,Crime|Drama|Mystery|Thriller
Blockers,2018,0.69,0.62,0.66,160,102,Comedy|Drama
Green Book,2018,0.69,0.8,0.74,715,130,Biography|Comedy|Drama|Music
The Animal Kingdom,2024,0.69,0.57,0.63,21,128,Adventure|Drama|Horror|Mystery|Sci-Fi
The Mole Agent,2020,0.69,0.72,0.7,25,84,Documentary
Boy Erased,2018,0.69,0.71,0.7,117,115,Biography|Drama
Jingle Jangle: A Christmas Journey,2020,0.69,0.6,0.64,48,122,Family|Fantasy|Musical
Beirut,2018,0.69,0.64,0.66,64,109,Action|Adventure|Crime|Drama|Mystery|Thriller
Bodies Bodies Bodies,2022,0.69,0.58,0.64,148,94,Comedy|Horror|Mystery|Thriller
The Piano Lesson,2024,0.69,0.57,0.63,42,125,Drama|Music
Togo,2019,0.69,0.81,0.75,83,113,Adventure|Biography|Drama|Family|History
Rumours,2024,0.69,0.52,0.6,22,103,Comedy|Drama|Horror|Mystery
What They Had,2018,0.69,0.67,0.68,21,101,Drama
The Day the Earth Blew Up: A Looney Tunes Movie,2025,0.69,0.76,0.72,44,91,Animation|Adventure|Comedy|Family|Sci-Fi
One Piece Film: Red,2022,0.69,0.71,0.7,72,115,Animation|Action|Adventure
Climax,2019,0.69,0.72,0.7,186,97,Drama|Horror|Music|Thriller
Wendell & Wild,2022,0.69,0.63,0.66,42,105,Animation|Adventure|Comedy|Family|Fantasy|Horror
Tell Me Who I Am,2019,0.69,0.75,0.72,22,85,Documentary|Drama|Mystery
Echo In the Canyon,2019,0.69,0.87,0.78,20,82,Documentary|Music
The Greatest Night in Pop,2024,0.69,0.69,0.69,29,96,Documentary|Music
The Mortuary Collection,2020,0.69,0.65,0.67,20,108,Fantasy|Horror
Teen Titans Go! To the Movies,2018,0.69,0.63,0.66,169,84,Animation|Action|Adventure|Comedy|Family|Fantasy|Musical|Sci-Fi
One Life,2024,0.69,0.71,0.7,47,110,Biography|Drama|History
Fahrenheit 11/9,2018,0.69,0.48,0.58,110,128,Documentary
Happiest Season,2020,0.69,0.74,0.72,125,102,Comedy|Romance
Jim Henson Idea Man,2024,0.69,0.7,0.7,22,111,Documentary|Biography
The Outfit,2022,0.69,0.72,0.7,105,105,Crime|Drama|Mystery|Thriller
Cha Cha Real Smooth,2022,0.69,0.66,0.68,64,107,Comedy|Drama
Relay,2025,0.69,0.61,0.65,27,112,Action|Drama|Thriller
22-Jul,2018,0.69,0.69,0.69,56,143,Crime|Drama|History|Thriller
Carry-On,2024,0.69,0.57,0.63,227,119,Action|Crime|Thriller
The Harder They Fall,2021,0.68,0.65,0.66,131,139,Action|Drama|Western
Paper Spiders,2021,0.68,0.85,0.76,30,109,Drama
Class Action Park,2020,0.68,0.66,0.67,21,90,Documentary|Crime
Selena Gomez: My Mind & Me,2022,0.68,0.84,0.76,119,95,Documentary|Biography
F1: The Movie,2025,0.68,0.76,0.72,490,155,Action|Drama|Sport
Lamb,2021,0.68,0.63,0.66,87,106,Drama|Fantasy|Horror
Fighting with My Family,2019,0.68,0.71,0.7,141,108,Biography|Comedy|Drama|Sport
Mr. Jones,2020,0.68,0.67,0.68,34,141,Biography|Drama|Thriller
Smile,2022,0.68,0.66,0.67,319,115,Horror|Mystery|Thriller
Borat Subsequent Moviefilm,2020,0.68,0.59,0.64,463,95,Comedy
And Then We Danced,2020,0.68,0.74,0.71,36,113,Drama|Romance
Prospect,2018,0.68,0.67,0.68,87,98,Adventure|Drama|Sci-Fi|Thriller
Thunderbolts*,2025,0.68,0.71,0.7,730,127,Action|Adventure|Crime|Drama|Fantasy|Sci-Fi
Early Man,2018,0.68,0.63,0.66,102,89,Animation|Adventure|Comedy|Family|Fantasy|Sport
In a Violent Nature,2024,0.68,0.51,0.6,76,94,Drama|Horror|Thriller
Deerskin,2020,0.68,0.65,0.66,21,77,Comedy|Horror
Richard Jewell,2019,0.68,0.75,0.72,211,131,Biography|Crime|Drama
The Night House,2021,0.68,0.66,0.67,105,107,Horror|Mystery|Thriller
American Animals,2018,0.68,0.76,0.72,123,116,Biography|Crime|Drama|History|Thriller
Leave the World Behind,2023,0.68,0.48,0.58,316,138,Drama|Mystery|Thriller
Everybody Knows,2019,0.68,0.71,0.7,63,133,Crime|Drama|Mystery|Thriller
Hustle,2022,0.68,0.7,0.69,117,117,Comedy|Drama|Sport
The Willoughbys,2020,0.68,0.66,0.67,56,90,Animation|Adventure|Comedy|Family
A Vigilante,2019,0.68,0.47,0.57,25,91,Crime|Drama|Mystery|Thriller
Sometimes I Think About Dying,2024,0.68,0.68,0.68,23,91,Comedy|Drama|Romance
Missing Link,2019,0.68,0.68,0.68,97,94,Animation|Adventure|Comedy|Family|Fantasy
Active Measures,2018,0.68,0.75,0.72,20,109,Documentary
The Boy Who Harnessed the Wind,2019,0.68,0.78,0.73,61,113,Biography|Drama|History
Enola Holmes,2020,0.68,0.57,0.62,465,123,Adventure|Crime|Drama|Mystery
Come True,2021,0.68,0.64,0.66,24,105,Horror|Sci-Fi
A Quiet Place: Day One,2024,0.68,0.6,0.64,344,100,Drama|Horror|Sci-Fi|Thriller
No Time to Die,2021,0.68,0.63,0.66,756,163,Action|Adventure|Thriller
Out of Darkness,2024,0.68,0.47,0.57,26,87,Horror|Mystery|Thriller
Ne Zha 2,2025,0.68,0.8,0.74,67,143,Animation|Action|Adventure|Drama|Fantasy
Brats,2024,0.68,0.57,0.62,26,92,Documentary
Just Mercy,2019,0.68,0.69,0.68,132,137,Biography|Crime|Drama
Fear Street Part Three: 1666,2021,0.68,0.65,0.66,121,114,Horror|Mystery
Ghost Stories,2018,0.68,0.65,0.66,84,98,Drama|Horror|Mystery
Spy x Family Code: White,2024,0.68,0.76,0.72,49,110,Animation|Action|Comedy|Thriller
Never Look Away,2019,0.68,0.79,0.74,47,189,Biography|Drama|Romance|Thriller|War
Crimes of the Future,2022,0.68,0.61,0.64,103,107,Drama|Horror|Sci-Fi
Small Town Crime,2018,0.68,0.65,0.66,30,91,Action|Crime|Drama|Mystery|Thriller
The Unbearable Weight of Massive Talent,2022,0.68,0.71,0.7,212,105,Action|Comedy|Crime|Thriller
Problemista,2024,0.68,0.67,0.68,47,98,Comedy
American Woman,2019,0.68,0.72,0.7,22,111,Drama|Mystery
Rustin,2023,0.68,0.59,0.64,39,106,Biography|Drama|History
The Captain,2018,0.67,0.78,0.73,25,118,Drama|History|Thriller|War
Concrete Cowboy,2021,0.67,0.64,0.66,30,111,Drama|Western
The Blackening,2023,0.67,0.49,0.58,74,96,Comedy|Horror|Mystery|Thriller
Deadstream,2022,0.67,0.64,0.66,26,87,Comedy|Horror
Light of My Life,2019,0.67,0.64,0.66,45,119,Drama|Sci-Fi|Thriller
Demon Slayer -Kimetsu no Yaiba- The Movie: Infinity Castle,2025,0.67,0.82,0.74,137,150,Animation|Action|Adventure|Fantasy|Thriller
Vox Lux,2018,0.67,0.6,0.64,95,114,Drama|Music
Cuties,2020,0.67,0.1,0.38,670,96,Drama
Halloween,2018,0.67,0.7,0.68,604,106,Crime|Drama|Horror|Thriller
The Little Stranger,2018,0.67,0.6,0.64,34,111,Drama|Horror|Mystery
The Idea of You,2024,0.67,0.58,0.62,91,115,Comedy|Drama|Romance
Fear Street Part One: 1994,2021,0.67,0.58,0.62,233,107,Drama|Horror|Mystery
The Wolf of Snow Hollow,2020,0.67,0.63,0.65,61,83,Comedy|Horror|Mystery|Thriller
The Last Duel,2021,0.67,0.73,0.7,329,152,Drama|History|Thriller
Juliet; Naked,2018,0.67,0.68,0.68,54,97,Comedy|Drama|Music|Romance
PG: Psycho Goreman,2021,0.67,0.7,0.68,31,99,Comedy|Horror|Sci-Fi
Fresh,2022,0.67,0.63,0.65,94,114,Comedy|Horror|Romance|Thriller
Annette,2021,0.67,0.65,0.66,73,141,Drama|Musical|Romance
Chappaquiddick,2018,0.67,0.72,0.7,71,106,Biography|Drama|History|Thriller
Sanctuary,2023,0.67,0.66,0.66,30,96,Drama|Romance|Thriller
The King of Staten Island,2020,0.67,0.69,0.68,224,136,Comedy|Drama
Tesla,2020,0.67,0.51,0.59,29,102,Biography|Drama
The Great Hack,2019,0.67,0.65,0.66,49,113,Documentary|Biography|History
Lady Chatterleys Lover,2022,0.67,0.63,0.65,26,103,Drama|Romance
Long Shot,2019,0.67,0.66,0.66,265,125,Comedy|Romance
The Legend of Ochi,2025,0.67,0.61,0.64,32,95,Adventure|Family|Fantasy
Freaky,2020,0.67,0.64,0.66,127,102,Comedy|Horror|Thriller
Upgrade,2018,0.67,0.77,0.72,444,100,Action|Sci-Fi|Thriller
The Surfer,2025,0.67,0.6,0.64,41,99,Thriller
The Life of Chuck,2025,0.67,0.71,0.69,97,110,Drama|Fantasy|Sci-Fi
Dont Worry; He Wont Get Far on Foot,2018,0.67,0.69,0.68,55,114,Biography|Comedy|Drama
Mission: Impossible – The Final Reckoning,2025,0.67,0.69,0.68,396,169,Action|Adventure|Thriller
Chevalier,2023,0.67,0.5,0.58,26,107,Biography|Drama|History|Music|Romance
Run,2020,0.67,0.7,0.68,115,90,Drama|Horror|Mystery|Thriller
Deep Cover,2025,0.67,0.62,0.64,49,109,Action|Comedy|Crime
Smile 2,2024,0.67,0.69,0.68,285,127,Horror|Mystery|Thriller
Oxygen,2021,0.67,0.68,0.68,86,100,Drama|Fantasy|Sci-Fi|Thriller
The Alpinist,2021,0.67,0.79,0.73,26,82,Documentary|Biography
Lost Girls,2020,0.67,0.56,0.62,31,95,Crime|Drama|Mystery|Thriller
Save Yourselves!,2020,0.67,0.52,0.6,29,93,Adventure|Comedy|Sci-Fi
Worth,2021,0.67,0.66,0.66,29,118,Biography|Drama|History
A Simple Favor,2018,0.67,0.67,0.67,260,117,Comedy|Crime|Mystery|Thriller
Giant Little Ones,2019,0.67,0.69,0.68,20,93,Drama
Blink Twice,2024,0.66,0.64,0.65,184,102,Mystery|Thriller
Speak No Evil,2024,0.66,0.69,0.68,147,110,Drama|Horror|Thriller
What Keeps You Alive,2018,0.66,0.49,0.57,26,98,Horror|Thriller
Werewolves Within,2021,0.66,0.59,0.62,58,97,Comedy|Horror|Mystery|Thriller
Brian and Charles,2022,0.66,0.67,0.66,25,90,Comedy|Drama|Sci-Fi
Missing,2023,0.66,0.69,0.68,94,111,Drama|Mystery|Thriller
The Life Ahead,2020,0.66,0.75,0.7,53,94,Drama
Peterloo,2019,0.66,0.54,0.6,24,154,Drama|History
Devotion,2022,0.66,0.62,0.64,58,139,Action|Biography|Drama|War
Creed II,2018,0.66,0.71,0.68,308,130,Action|Drama|Sport
Ben Is Back,2018,0.66,0.68,0.67,60,103,Drama
The Last Showgirl,2024,0.66,0.55,0.6,57,85,Drama
Sasquatch Sunset,2024,0.66,0.64,0.65,27,89,Adventure|Comedy|Drama
Bumblebee,2018,0.66,0.7,0.68,644,114,Action|Adventure|Sci-Fi
Holy Spider,2022,0.66,0.7,0.68,41,116,Crime|Drama|Thriller
The Report,2019,0.66,0.71,0.68,70,119,Biography|Crime|Drama|History|Thriller
Causeway,2022,0.66,0.63,0.64,55,92,Drama
Cyrano,2021,0.66,0.57,0.62,61,124,Drama|Musical|Romance
The Kid Who Would Be King,2019,0.66,0.62,0.64,77,120,Action|Adventure|Family|Fantasy
Game Night,2018,0.66,0.71,0.68,384,100,Action|Adventure|Comedy|Crime|Thriller
Judy,2019,0.66,0.67,0.66,145,118,Biography|Drama|Music|Romance
Kiss of the Spider Woman,2025,0.66,0.8,0.73,21,128,Drama|Musical
Wonka,2023,0.66,0.68,0.67,395,116,Adventure|Comedy|Family|Fantasy|Musical
Pieces of a Woman,2020,0.66,0.66,0.66,123,126,Drama
White Noise,2022,0.66,0.55,0.6,98,136,Comedy|Drama|Horror|Mystery
Chip n Dale: Rescue Rangers,2022,0.66,0.66,0.66,109,97,Animation|Action|Adventure|Comedy|Crime|Family|Fantasy|Mystery|Sci-Fi
Swan Song,2021,0.66,0.71,0.68,46,116,Drama|Romance|Sci-Fi|Thriller
Ultraman: Rising,2024,0.66,0.82,0.74,50,117,Animation|Action|Adventure|Comedy|Family|Fantasy|Sci-Fi
Dumb Money,2023,0.66,0.62,0.64,77,104,Biography|Comedy|Drama
Skinamarink,2023,0.66,0.55,0.6,86,100,Horror|Mystery
Breaking,2022,0.66,0.53,0.6,25,103,Crime|Drama|Thriller
Master,2022,0.66,0.44,0.55,27,91,Drama|Horror|Mystery|Thriller
Mid90s,2018,0.66,0.76,0.71,163,85,Comedy|Drama
Thirteen Lives,2022,0.66,0.75,0.7,78,142,Biography|Drama|Thriller
Shadow in the Cloud,2021,0.66,0.39,0.52,153,83,Action|Horror|War
Harriet,2019,0.66,0.7,0.68,176,125,Action|Biography|Drama|History
The Return,2024,0.66,0.56,0.61,37,116,Adventure|Drama|History
Kingdom of the Planet of the Apes,2024,0.66,0.7,0.68,343,145,Action|Adventure|Drama|Sci-Fi|Thriller
Becoming,2020,0.66,0.66,0.66,24,89,Documentary|Biography
Elio,2025,0.66,0.57,0.62,161,98,Animation|Adventure|Comedy|Drama|Family|Fantasy|Sci-Fi
Do Revenge,2022,0.66,0.68,0.67,65,118,Comedy|Drama|Romance|Thriller
The Way Back,2020,0.66,0.66,0.66,123,108,Drama|Sport
Mountainhead,2025,0.66,0.44,0.55,48,108,Drama
Puzzle,2018,0.66,0.72,0.69,25,103,Drama|Mystery|Romance
I Care a Lot,2021,0.66,0.32,0.49,456,118,Comedy|Crime|Drama|Thriller
Mary Poppins Returns,2018,0.66,0.66,0.66,268,130,Adventure|Comedy|Family|Fantasy|Music|Musical
Dog Man,2025,0.66,0.73,0.7,95,89,Animation|Action|Adventure|Comedy|Crime|Family|Fantasy|Sci-Fi
Vivo,2021,0.66,0.69,0.68,49,95,Animation|Adventure|Comedy|Drama|Family|Musical
The Toxic Avenger,2025,0.65,0.6,0.62,32,102,Action|Comedy|Horror|Sci-Fi
Summer of 85,2021,0.65,0.65,0.65,22,100,Drama|Romance
Kalki 2898 AD,2024,0.65,0.79,0.72,80,180,Action|Adventure|Drama|Fantasy|Sci-Fi|Thriller
Last Night in Soho,2021,0.65,0.7,0.68,317,116,Drama|Horror|Mystery|Thriller
Mine 9,2019,0.65,0.86,0.76,70,83,Drama|Thriller
Paddington In Peru,2025,0.65,0.68,0.66,74,106,Adventure|Comedy|Family|Mystery
The Night Is Short; Walk On Girl,2018,0.65,0.84,0.74,26,92,Animation|Adventure|Comedy|Family|Fantasy|Romance
The End We Start From,2024,0.65,0.6,0.62,20,96,Drama|Thriller
Mr. Malcolms List,2022,0.65,0.66,0.66,26,117,Comedy|Drama|Romance
Pinocchio,2020,0.65,0.58,0.62,39,125,Drama|Family|Fantasy
Bill & Ted Face the Music,2020,0.65,0.59,0.62,227,91,Adventure|Comedy|Music|Sci-Fi
Hearts Beat Loud,2018,0.65,0.71,0.68,37,97,Comedy|Drama|Music
I See You,2019,0.65,0.69,0.67,74,96,Horror|Mystery|Thriller
Crater,2023,0.65,0.49,0.57,24,105,Adventure|Drama|Sci-Fi
V/H/S/Beyond,2024,0.65,0.61,0.63,32,114,Horror|Sci-Fi|Thriller
Vengeance,2022,0.65,0.64,0.64,64,107,Comedy|Music|Mystery|Thriller
Caught Stealing,2025,0.65,0.67,0.66,86,107,Comedy|Crime|Thriller
Operation Mincemeat,2022,0.65,0.61,0.63,54,128,Drama|War
Rons Gone Wrong,2021,0.65,0.74,0.7,92,107,Animation|Adventure|Comedy|Drama|Family|Sci-Fi
Dragon Ball Super: Super Hero,2022,0.65,0.77,0.71,172,120,Animation|Action|Adventure|Fantasy
To All the Boys: Always and Forever,2021,0.65,0.62,0.64,24,116,Comedy|Drama|Romance
The Polka King,2018,0.65,0.63,0.64,30,95,Biography|Comedy|Drama|Music
The Guernsey Literary and Potato Peel Pie Society,2018,0.65,0.69,0.67,41,124,Drama|Romance|War
The SpongeBob Movie: Sponge on the Run,2021,0.65,0.64,0.64,101,91,Animation|Adventure|Comedy|Drama|Family|Fantasy
The Courier,2021,0.65,0.7,0.68,107,112,Drama|History|Mystery|Thriller
Men,2022,0.65,0.53,0.59,143,100,Drama|Fantasy|Horror|Thriller
The LEGO Movie 2: The Second Part,2019,0.65,0.66,0.66,327,107,Animation|Adventure|Comedy|Family|Fantasy|Musical|Sci-Fi
Dangerous Animals,2025,0.65,0.65,0.65,45,93,Horror|Thriller
Stopmotion,2024,0.65,0.53,0.59,23,93,Animation|Horror|Thriller
Twisters,2024,0.65,0.61,0.63,375,122,Action|Adventure|Thriller
Strange World,2022,0.65,0.36,0.5,308,102,Animation|Action|Adventure|Comedy|Family|Fantasy|Sci-Fi
The Art of Self-Defense,2019,0.65,0.64,0.64,95,104,Action|Comedy|Crime|Drama|Mystery|Thriller
Drop,2025,0.65,0.61,0.63,91,85,Drama|Mystery|Thriller
Alice; Darling,2022,0.65,0.54,0.6,27,90,Drama|Mystery|Romance|Thriller
The Good Nurse,2022,0.65,0.67,0.66,59,121,Biography|Crime|Drama|Mystery|Thriller
Transformers One,2024,0.65,0.81,0.73,298,104,Animation|Action|Adventure|Family|Fantasy|Sci-Fi
The Black Phone,2022,0.65,0.7,0.68,298,103,Horror|Mystery|Thriller
Eddington,2025,0.65,0.62,0.64,113,148,Comedy|Drama|Western
Klaus,2019,0.65,0.88,0.76,395,96,Animation|Adventure|Comedy|Family|Fantasy
The Smashing Machine,2025,0.65,0.46,0.56,49,123,Action|Biography|Drama|History|Sport
Sharper,2023,0.65,0.6,0.62,47,116,Crime|Drama|Thriller
The First Omen,2024,0.65,0.66,0.66,134,119,Horror
Cargo,2018,0.65,0.6,0.62,87,105,Drama|Horror|Sci-Fi|Thriller
The Gangster; the Cop; the Devil,2019,0.65,0.71,0.68,35,110,Action|Crime|Thriller
The Phantom of the Open,2022,0.65,0.7,0.68,23,106,Biography|Comedy|Drama|Sport
Swallow,2020,0.65,0.64,0.64,56,94,Drama|Thriller
The Fantastic Four: First Steps,2025,0.65,0.66,0.66,674,114,Action|Adventure|Sci-Fi
Black 47,2018,0.65,0.68,0.66,26,100,Action|Drama|History
Leo,2023,0.65,0.71,0.68,71,102,Animation|Adventure|Comedy|Family|Musical
Plus One,2019,0.65,0.6,0.62,26,99,Comedy|Drama|Romance
Last Breath,2025,0.65,0.63,0.64,87,93,Drama|Thriller
Coup de Chance,2024,0.64,0.66,0.65,20,93,Comedy|Crime|Drama|Romance|Thriller
To All the Boys Ive Loved Before,2018,0.64,0.75,0.7,135,99,Comedy|Drama|Romance
Frozen II,2019,0.64,0.67,0.66,643,103,Animation|Adventure|Comedy|Drama|Family|Fantasy|Musical
The Vanishing,2019,0.64,0.61,0.62,31,107,Drama|Mystery|Thriller
The Damned,2025,0.64,0.61,0.62,31,89,Drama|Horror|Mystery
Gretel & Hansel,2020,0.64,0.5,0.57,146,87,Fantasy|Horror|Mystery|Thriller
MaXXXine,2024,0.64,0.61,0.62,187,103,Crime|Horror
Enola Holmes 2,2022,0.64,0.61,0.62,131,129,Action|Adventure|Crime|Drama|Mystery
Unstoppable,2024,0.64,0.7,0.67,21,116,Drama|Sport
Confess; Fletch,2022,0.64,0.63,0.64,48,98,Comedy|Crime|Mystery
Fast Color,2019,0.64,0.69,0.66,33,100,Drama|Sci-Fi|Thriller
Always Be My Maybe,2019,0.64,0.68,0.66,102,101,Comedy|Romance
The Lost Bus,2025,0.64,0.73,0.68,52,129,Biography|Drama|History|Thriller
The Bad Guys 2,2025,0.64,0.76,0.7,74,104,Animation|Action|Adventure|Comedy|Crime|Family|Mystery
Bombshell,2019,0.64,0.62,0.63,198,109,Biography|Drama
Suspiria,2018,0.64,0.7,0.67,285,152,Drama|Fantasy|Horror|Mystery|Thriller
Ready or Not,2019,0.64,0.68,0.66,302,95,Action|Comedy|Horror|Mystery|Thriller
Elvis,2022,0.64,0.73,0.68,260,159,Biography|Drama|Music
Napoleon,2023,0.64,0.52,0.58,460,158,Action|Adventure|Biography|Drama|History|War
Barb & Star Go to Vista Del Mar,2021,0.64,0.62,0.63,63,107,Comedy|Fantasy
The Lost King,2023,0.64,0.65,0.64,25,108,Biography|Drama
Vivarium,2020,0.64,0.53,0.58,127,97,Horror|Mystery|Sci-Fi
Come to Daddy,2020,0.64,0.61,0.62,38,96,Comedy|Mystery|Thriller
Big Time Adolescence,2020,0.64,0.71,0.68,35,91,Comedy|Drama
I Am Mother,2019,0.64,0.71,0.68,200,113,Drama|Mystery|Sci-Fi|Thriller
Becoming Led Zeppelin,2025,0.64,0.62,0.63,31,121,Documentary|Music
Downton Abbey,2019,0.64,0.68,0.66,104,122,Drama|Romance
The Traitor,2020,0.64,0.69,0.66,22,153,Biography|Crime|Drama
Gladiator II,2024,0.64,0.53,0.58,580,148,Action|Adventure|Drama
Nobody,2021,0.64,0.76,0.7,488,92,Action|Crime|Drama|Thriller
Greenland,2020,0.64,0.63,0.64,155,119,Action|Thriller
Kinds of Kindness,2024,0.64,0.59,0.62,168,164,Comedy|Drama|Horror
The Lodge,2020,0.64,0.61,0.62,93,108,Drama|Horror|Mystery|Thriller
Summer of 69,2025,0.64,0.45,0.55,20,100,Comedy|Drama
The Apprentice,2024,0.64,0.67,0.66,124,120,Biography|Drama|History
Greyhound,2020,0.64,0.72,0.68,209,91,Drama|History|War
The Bad Guys,2022,0.64,0.74,0.69,196,100,Animation|Adventure|Comedy|Crime|Family
Synchronic,2020,0.64,0.56,0.6,63,102,Drama|Horror|Mystery|Sci-Fi|Thriller
Dora and the Lost City of Gold,2019,0.63,0.53,0.58,109,102,Action|Adventure|Comedy|Family|Fantasy|Mystery
Anna and the Apocalypse,2018,0.63,0.62,0.62,45,93,Comedy|Horror|Musical
Official Secrets,2019,0.63,0.73,0.68,67,112,Biography|Crime|Drama|Thriller|War
The Creator,2023,0.63,0.63,0.63,397,133,Action|Adventure|Drama|Sci-Fi|Thriller
The Guilty,2021,0.63,0.65,0.64,116,90,Crime|Drama|Thriller
Chicken Run: Dawn of the Nugget,2023,0.63,0.61,0.62,58,97,Animation|Adventure|Comedy|Family
Hold the Dark,2018,0.63,0.53,0.58,95,125,Action|Crime|Drama|Mystery|Thriller
Piece By Piece,2024,0.63,0.66,0.64,38,93,Animation|Biography|Comedy|Family|Musical
Nyad,2023,0.63,0.72,0.68,72,121,Biography|Drama|Sport
Ash,2025,0.63,0.47,0.55,58,95,Horror|Mystery|Sci-Fi|Thriller
The Electrical Life of Louis Wain,2021,0.63,0.7,0.66,46,111,Biography|Drama|History
Guy Ritchie’s The Covenant,2023,0.63,0.7,0.66,186,123,Action|Drama|Thriller|War
Downton Abbey: A New Era,2022,0.63,0.66,0.64,41,124,Drama|Romance
Im Your Woman,2020,0.63,0.59,0.61,21,120,Crime|Drama
Halftime,2022,0.63,0.72,0.68,51,95,Documentary|Biography|Music
Knock at the Cabin,2023,0.63,0.55,0.59,239,100,Horror|Mystery|Thriller
V/H/S/94,2021,0.63,0.52,0.57,30,100,Fantasy|Horror|Mystery|Sci-Fi|Thriller
Damsel,2018,0.63,0.47,0.55,41,113,Comedy|Drama|Western
Master Gardener,2023,0.63,0.59,0.61,29,110,Drama|Mystery|Thriller
Borg vs. McEnroe,2018,0.63,0.68,0.66,39,107,Biography|Drama|Sport
Unsane,2018,0.63,0.62,0.62,132,98,Drama|Horror|Mystery|Thriller
Villains,2019,0.63,0.68,0.66,24,90,Comedy|Drama|Horror|Thriller
Someone Great,2019,0.63,0.54,0.58,31,92,Comedy|Romance
Stowaway,2021,0.63,0.49,0.56,128,116,Adventure|Sci-Fi|Thriller
Triangle of Sadness,2022,0.63,0.7,0.66,219,147,Comedy|Drama
Let Him Go,2020,0.63,0.65,0.64,70,113,Crime|Drama|Thriller|Western
Freaks,2019,0.63,0.69,0.66,74,105,Drama|Fantasy|Mystery|Sci-Fi|Thriller
Maria,2024,0.63,0.69,0.66,90,124,Biography|Drama|Music
Alpha,2018,0.63,0.67,0.65,151,96,Adventure|Drama
The Hole in the Ground,2019,0.63,0.54,0.58,50,90,Drama|Horror|Mystery
Scoop,2024,0.63,0.63,0.63,21,101,Biography|Drama
We Have Always Lived in the Castle,2019,0.63,0.54,0.58,23,90,Drama|Horror|Mystery|Thriller
In the Earth,2021,0.63,0.44,0.54,39,100,Drama|Horror|Mystery|Sci-Fi|Thriller
Beau Is Afraid,2023,0.63,0.65,0.64,179,179,Comedy|Drama
A Haunting in Venice,2023,0.63,0.69,0.66,204,103,Crime|Drama|Horror|Mystery|Thriller
Thanksgiving,2023,0.63,0.62,0.62,131,107,Comedy|Horror|Mystery|Thriller
Love and Monsters,2020,0.63,0.75,0.69,204,109,Action|Adventure|Comedy|Fantasy|Sci-Fi
Hotel Mumbai,2019,0.62,0.76,0.69,195,123,Action|Drama|History|Thriller
Misbehaviour,2020,0.62,0.45,0.54,20,106,Comedy|Drama|History
Lee,2024,0.62,0.68,0.65,59,117,Biography|Drama|History|War
Totally Killer,2023,0.62,0.56,0.59,95,106,Comedy|Horror|Mystery|Sci-Fi
Dual,2022,0.62,0.55,0.58,35,94,Comedy|Drama|Sci-Fi|Thriller
The Assessment,2025,0.62,0.58,0.6,31,114,Drama|Sci-Fi
Young Woman and the Sea,2024,0.62,0.68,0.65,57,100,Biography|Drama|Romance|Sport
Amulet,2020,0.62,0.55,0.58,22,99,Horror|Mystery
The Valet,2022,0.62,0.63,0.62,27,124,Comedy|Drama|Romance
New Order,2021,0.62,0.67,0.64,35,86,Crime|Drama|Sci-Fi|Thriller
Set It Up,2018,0.62,0.75,0.68,47,105,Comedy|Romance
Beautiful Boy,2018,0.62,0.72,0.67,139,120,Biography|Drama
Beetlejuice Beetlejuice,2024,0.62,0.63,0.62,378,105,Comedy|Fantasy|Horror
Red White & Royal Blue,2023,0.62,0.72,0.67,101,118,Comedy|Romance
The Children Act,2018,0.62,0.7,0.66,21,105,Drama
Everybodys Talking About Jamie,2021,0.62,0.69,0.66,24,115,Biography|Comedy|Drama|Musical
Terrifier 3,2024,0.62,0.63,0.62,209,125,Horror
The Swimmers,2022,0.62,0.61,0.62,27,134,Biography|Drama|Sport
All the Old Knives,2022,0.62,0.56,0.59,49,101,Mystery|Thriller
The Photograph,2020,0.62,0.59,0.6,37,106,Drama|Romance
Fall,2022,0.62,0.65,0.64,100,107,Action|Thriller
Not Okay,2022,0.62,0.58,0.6,37,100,Comedy|Drama|Thriller
The Bookshop,2018,0.62,0.65,0.64,25,113,Drama
Alex Strangelove,2018,0.62,0.69,0.66,43,99,Comedy|Drama|Romance
Ip Man 4: The Finale,2019,0.62,0.66,0.64,70,107,Action|Biography|Drama|History
Free Guy,2021,0.62,0.7,0.66,612,115,Action|Adventure|Comedy|Fantasy|Romance|Sci-Fi
I Want You Back,2022,0.62,0.63,0.62,36,116,Comedy|Romance
Plane,2023,0.62,0.65,0.64,111,107,Action|Adventure|Thriller
Black Box,2020,0.62,0.59,0.6,27,100,Horror|Mystery|Sci-Fi|Thriller
Daddio,2024,0.62,0.6,0.61,32,101,Drama
Ideal Home,2018,0.62,0.7,0.66,20,91,Comedy|Drama
The Cursed,2022,0.62,0.67,0.64,30,111,Fantasy|Horror|Mystery
The King,2019,0.62,0.77,0.7,252,140,Biography|Drama|History|War
Sick,2023,0.62,0.52,0.57,39,83,Horror|Mystery|Thriller
Abigail,2024,0.62,0.66,0.64,191,109,Action|Comedy|Crime|Horror|Thriller
Destroyer,2018,0.62,0.56,0.59,87,121,Action|Crime|Drama|Mystery|Thriller
On Chesil Beach,2018,0.62,0.63,0.62,31,110,Drama|Music|Romance
The Rental,2020,0.62,0.54,0.58,84,89,Drama|Horror|Mystery|Thriller
Cuckoo,2024,0.62,0.58,0.6,88,102,Horror|Mystery|Thriller
The Monkey,2025,0.62,0.6,0.61,190,98,Horror
A Radiant Girl,2023,0.62,0.9,0.76,20,98,Drama|History
